Workbook

Sheet Project_Data
A1: Task ID | B1: Activity | C1: Start Date | D1: End Data | E1: Planned Cost | F1: Actual Cost | G1: Planned(%) | H1: Actual% | I1: Status | J1: Duration(days)
A2: 1 | B2: Site Clearing | C2: 46174 | D2: 46176 | E2: 25000 | F2: 23000 | G2: 100 | H2: 100 | I2: Completed | J2: =D2-C2+1 -> 3
A3: 2 | B3: Excavation | C3: 46177 | D3: 46181 | E3: 60000 | F3: 65000 | G3: 100 | H3: 100 | I3: Completed | J3: =D3-C3+1 -> 5
A4: 3 | B4: PCC Work | C4: 46182 | D4: 46184 | E4: 40000 | F4: 42000 | G4: 100 | H4: 100 | I4: Completed | J4: =D4-C4+1 -> 3
A5: 4 | B5: Footing Reinforcement | C5: 46185 | D5: 46188 | E5: 75000 | F5: 78000 | G5: 100 | H5: 100 | I5: Completed | J5: =D5-C5+1 -> 4
A6: 5 | B6: Footing Concrete | C6: 46189 | D6: 46191 | E6: 85000 | F6: 82000 | G6: 100 | H6: 100 | I6: Completed | J6: =D6-C6+1 -> 3
A7: 6 | B7: Column Starter Work | C7: 46192 | D7: 46194 | E7: 50000 | F7: 52000 | G7: 100 | H7: 100 | I7: Completed | J7: =D7-C7+1 -> 3
A8: 7 | B8: Plinth Beam | C8: 46195 | D8: 46199 | E8: 120000 | F8: 125000 | G8: 100 | H8: 100 | I8: Completed | J8: =D8-C8+1 -> 5
A9: 8 | B9: Backfilling | C9: 46200 | D9: 46202 | E9: 30000 | F9: 32000 | G9: 100 | H9: 100 | I9: Completed | J9: =D9-C9+1 -> 3
A10: 9 | B10: Ground Floor Columns | C10: 46203 | D10: 46208 | E10: 140000 | F10: 145000 | G10: 100 | H10: 100 | I10: Completed | J10: =D10-C10+1 -> 6
A11: 10 | B11: Ground Floor Slab | C11: 46209 | D11: 46218 | E11: 220000 | F11: 235000 | G11: 100 | H11: 100 | I11: Completed | J11: =D11-C11+1 -> 10
A12: 11 | B12: First Floor Columns | C12: 46219 | D12: 46223 | E12: 150000 | F12: 148000 | G12: 100 | H12: 100 | I12: Completed | J12: =D12-C12+1 -> 5
A13: 12 | B13: First Floor Slab | C13: 46224 | D13: 46234 | E13: 240000 | F13: 250000 | G13: 100 | H13: 100 | I13: Completed | J13: =D13-C13+1 -> 11
... A26: 25 | B26: Project Handover | C26: 46342 | D26: 46344 | E26: 20000 | F26: 0 | G26: 0 | H26: 0 | I26: Not Started | J26: =D26-C26+1 -> 3
A38: 5
A44: 100
A45: 100
A46: Completed

Sheet KPI
H11: Total Budget | I11: 2810000
H12: Actual Cost | I12: 1277000
H13: Cost Variance | I13: 1533000
H14: Completion % | I14: 0.578
H15: Delayed Tasks | I15: 3

Sheet Pivot_Status
A3: Status | B3: Count of Task ID
A4: Completed | B4: 12
A5: Delayed | B5: 3
A6: Not Started | B6: 7
A7: Ongoing | B7: 3
A8: Grand Total | B8: 25

Sheet Pivot_Cost
A3: Activity | B3: Sum of Actual Cost | C3: Sum of Planned Cost
A4: Backfilling | B4: 32000 | C4: 30000
A5: Brick Masonry FF | B5: 0 | C5: 115000
A6: Brick Masonry GF | B6: 0 | C6: 110000
A7: Column Starter Work | B7: 52000 | C7: 50000
A8: Doors & Windows | B8: 0 | C8: 160000
A9: Electrical Conduits | B9: 0 | C9: 80000
A10: Excavation | B10: 65000 | C10: 60000
A11: External Plastering | B11: 0 | C11: 105000
A12: Final Finishing | B12: 0 | C12: 90000
A13: First Floor Columns | B13: 148000 | C13: 150000
A14: First Floor Slab | B14: 250000 | C14: 240000
A15: Flooring Works | B15: 0 | C15: 180000
... A29: Grand Total | B29: 1277000 | C29: 2810000

Sheet Dashboard
A1: CONSTRUCTION PROJECT MANAGEMENT DASHBOARD
A3: Total Budget | C3: Actual cost | E3: Cost Variance | G3: Completion % | I3: Delayed Tasks
A4: =KPI!I11 -> 2810000 | C4: =KPI!I12 -> 1277000 | E4: =KPI!I13 -> 1533000 | G4: =KPI!I14 -> 0.578 | I4: =KPI!I15 -> 3
A26: Prepared By: Nittala Sri Divya Harshini Tool Used : Microsoft Excel
